"Status","Start Time","Stop Time","Duration in ms","Parent Suite","Suite","Sub Suite","Test Class","Test Method","Name","Description"
"broken","Thu Nov 24 18:14:18 CST 2022","Thu Nov 24 18:14:18 CST 2022","0","test_case","test_data","TestBaidu","","","test_login[data3]",""
"broken","Thu Nov 24 18:14:18 CST 2022","Thu Nov 24 18:14:18 CST 2022","0","test_case","test_data","TestBaidu","","","test_login[data1]",""
"broken","Thu Nov 24 18:14:17 CST 2022","Thu Nov 24 18:14:17 CST 2022","0","test_case","test_data","TestBaidu","","","test_login[data0]",""
"broken","Thu Nov 24 18:14:18 CST 2022","Thu Nov 24 18:14:18 CST 2022","0","test_case","test_data","TestBaidu","","","test_login[data8]",""
"broken","Thu Nov 24 18:14:18 CST 2022","Thu Nov 24 18:14:18 CST 2022","0","test_case","test_data","TestBaidu","","","test_login[data7]",""
"broken","Thu Nov 24 18:14:18 CST 2022","Thu Nov 24 18:14:18 CST 2022","0","test_case","test_data","TestBaidu","","","test_login[data6]",""
"broken","Thu Nov 24 18:14:17 CST 2022","Thu Nov 24 18:14:17 CST 2022","0","test_case","test_data","TestBaidu","","","test_login[data2]",""
"broken","Thu Nov 24 18:14:18 CST 2022","Thu Nov 24 18:14:18 CST 2022","0","test_case","test_data","TestBaidu","","","test_login[data9]",""
"broken","Thu Nov 24 18:14:18 CST 2022","Thu Nov 24 18:14:18 CST 2022","0","test_case","test_data","TestBaidu","","","test_login[data11]",""
"broken","Thu Nov 24 18:14:18 CST 2022","Thu Nov 24 18:14:18 CST 2022","1","test_case","test_data","TestBaidu","","","test_login[data4]",""
"broken","Thu Nov 24 18:14:18 CST 2022","Thu Nov 24 18:14:18 CST 2022","0","test_case","test_data","TestBaidu","","","test_login[data5]",""
"broken","Thu Nov 24 18:14:18 CST 2022","Thu Nov 24 18:14:18 CST 2022","0","test_case","test_data","TestBaidu","","","test_login[data10]",""
